school_id,name,short,old_name,type,proid,pro_name
33,大连海事大学,"大连海事,DMU,大连海大",大连海运学院,6000,21,辽宁
37,西北大学,NWU,国立西北大学,6000,61,陕西
48,北京邮电大学,"bupt,北邮",北京邮电学院,6000,11,北京
60,天津大学,"天大,TJU",北洋大学,6000,12,天津
69,安徽工业大学,安工大,华东冶金学院,6000,34,安徽
71,济南大学,ujn,山东建筑材料工业学院,6000,37,山东
72,安徽医科大学,"安徽医大,安医大,东南医学院,安徽医学院","东南医学院,安徽医学院",6000,34,安徽
81,天津理工大学,天津理工,天津理工学院,6000,12,天津
87,天津外国语大学,天津外国语,天津外国语专科学校,6000,12,天津
88,中国民航大学,"中航大,CAUC",中国民用航空学院,6000,12,天津
90,天津职业技术师范大学,天津工程师范学院,"天津职业技术师范学院,天津工程师范学院",6000,12,天津
97,兰州大学,兰大,"兰州中山大学,甘肃法政学堂",6000,62,甘肃
100,四川农业大学,"川农,川农大",四川农学院,6000,51,四川
105,华南理工大学,"scut,华南理工,华工,华工大",华南工学院,6000,44,广东
108,南昌大学,NCU,国立中正大学,6000,36,江西
113,南京农业大学,"南京农大,南农,南农大,南京农业",南京农学院,6000,32,江苏
121,中国地质大学（武汉）,"地大,CUG,中国地质大学武汉,地质大学（武汉）,地质大学武汉,武汉地质大学,武汉中国地质大学,地质大学","中国地质大学,中国地质大学（武汉）",6000,42,湖北
122,吉林大学,"jlu,吉大","东北行政学院,东北人民大学",6000,22,吉林
124,哈尔滨工程大学,"哈工程,HEU,哈尔滨工程学院,哈尔滨工程",中国人民解放军军事工程学院,6000,23,黑龙江
135,东华大学,DHU,中国纺织大学,6000,31,上海
137,东北农业大学,东北农大,东北农学院,6000,23,黑龙江
138,大连理工大学,"dlut,大工,大连理工",大连理工大学盘锦校区,6000,21,辽宁
143,北京理工大学,"北理工,北理",北京工业学院,6000,11,北京
151,南京审计大学,"南审,NAU,南京审计",南京审计学院,6000,32,江苏
156,常州大学,常大,江苏工业学院,6000,32,江苏
158,徐州医科大学,徐医大,徐州医学院,6000,32,江苏
163,苏州科技大学,苏科大,苏州科技学院,6000,32,江苏
164,南京财经大学,"南财,南京财经",南京经济学院,6000,32,江苏
167,江苏师范大学,江苏师大,徐州师范大学,6000,32,江苏
183,景德镇陶瓷大学,景陶,景德镇陶瓷学院,6000,36,江西
186,上饶师范学院,"上饶师院,上饶师范学校",赣东北大学,6000,36,江西
189,赣南师范大学,"赣师大,赣南师大,赣南师范",赣南师范学院,6000,36,江西
190,江西科技师范大学,江西科技师范学院,江西科技师范学院,6000,36,江西
191,长江师范学院,长江师范,涪陵师范学院,6000,50,重庆
193,四川外国语大学,川外,四川外语学院,6000,50,重庆
207,锦州医科大学,锦医大,辽宁医学院,6000,21,辽宁
208,大连民族大学,大连民大,大连民族学院,6000,21,辽宁
209,沈阳航空航天大学,沈航,沈阳航空工业学院,6000,21,辽宁
210,大连海洋大学,大连海洋,大连水产学院,6000,21,辽宁
215,沈阳化工大学,沈阳化工,"沈阳化工学院,辽宁科学技术大学",6000,21,辽宁
216,大连外国语大学,"大连外国语学院,大连外国语",大连外国语学院,6000,21,辽宁
218,大连大学,连大,大连工学院分院,6000,21,辽宁
219,大连医科大学,大医,大连医学院,6000,21,辽宁
220,大连交通大学,大连交大,大连铁道学院,6000,21,辽宁
229,东北财经大学,"东财,东北财经,东北财大",辽宁财经学院,6000,21,辽宁
230,中国医科大学,中国医大,中国工农红军卫生学校,6000,21,辽宁
232,成都理工大学,成都理工,成都理工学院,6000,51,四川
234,新疆医科大学,新疆医大,新疆医学院,6000,65,新疆
236,喀什大学,喀大,喀什师范学院,6000,65,新疆
246,浙江科技学院,"浙科院,ZUST",浙江大学附属杭州工业专科学校,6000,33,浙江
247,中国计量大学,"中量大,CJLU",中国计量学院,6000,33,浙江
248,浙江海洋大学,"浙海大,ZJOU",浙江海洋学院,6000,33,浙江
249,浙江农林大学,浙江林学院,浙江林学院,6000,33,浙江
250,浙江中医药大学,浙江中医,浙江中医学院,6000,33,浙江
251,温州医科大学,温医大,温州医学院,6000,33,浙江
258,浙江财经大学,"浙财大,浙财,ZUFE",浙江财经学院,6000,33,浙江
268,西南石油大学,"西南石油,SWPU,西南石大",西南石油学院,6000,51,四川
270,成都信息工程大学,"成信大,成信,CUIT","成都气象学院,成都信息工程学院",6000,51,四川
274,西南医科大学,西南医大,"泸州医学院,四川医科大学",6000,51,四川
278,太原科技大学,太原科技,山西省机械制造工业学校,6000,14,山西
289,广州中医药大学,"广中医,广东中医药大学",广州中医学院,6000,44,广东
290,广东外语外贸大学,广外,"广州外国语学院,广州对外贸易学院",6000,44,广东
292,广东石油化工学院,广东石油化工大学,茂名学院,6000,44,广东
294,广东医科大学,广东医大,广东医学院,6000,44,广东
295,广州医科大学,广医,广州医学院,6000,44,广东
296,广东药科大学,"广药,GDPU",广东药学院,6000,44,广东
299,岭南师范学院,湛江师范学院,"湛江师范学院,雷州师范专科学校",6000,44,广东
302,广东财经大学,"广财,广东财大,GDUFE",广东商学院,6000,44,广东
306,佛山科学技术学院,佛科院,佛山大学,6000,44,广东
309,上海海洋大学,上海水产大学,上海水产大学,6000,31,上海
312,上海第二工业大学,二工大,上海市业余工业大学,6000,31,上海
315,上海应用技术大学,上应大,上海应用技术学院,6000,31,上海
316,安徽工程大学,安徽工程,安徽工程科技学院,6000,34,安徽
318,上海对外经贸大学,"上经贸大,上贸大,贸大,suibe",上海对外贸易学院,6000,31,上海
323,华东政法大学,"ecupl,华东政法",华东政法学院,6000,31,上海
324,上海体育大学,上海体院,上海体育学院,6000,31,上海
328,淮北师范大学,淮北煤炭师范学院,淮北煤炭师范学院,6000,34,安徽
332,西北农林科技大学,"西北农林,西农",国立西北农林专科学校,6000,61,陕西
334,陕西师范大学,"陕师大,陕西师大,SNNU,陕西师范","西安师范学院,陕西师范学院",6000,61,陕西
343,云南农业大学,云南农大,昆明农林学院,6000,53,云南
344,云南师范大学,"云南师大,云师大",昆明师范学院,6000,53,云南
347,昆明医科大学,昆明医学院,昆明医学院,6000,53,云南
348,云南中医药大学,YNUTCM,云南中医学院,6000,53,云南
352,西安科技大学,西安科大,西安科技学院，西安矿业学院,6000,61,陕西
358,西安工程大学,西安工程,北京高等工业专门学校机织科,6000,61,陕西
363,西安邮电大学,西安邮电,西安邮电学院,6000,61,陕西
365,陕西中医药大学,陕中大,陕西中医学院,6000,61,陕西
371,陕西理工大学,"陕理工,SNUT",陕西理工学院,6000,61,陕西
372,青海民族大学,青海民族学院,青海民族学院,6000,63,青海
375,西安财经大学,"西安财大,西财大,XUFE",西安财经学院,6000,61,陕西
379,长春理工大学,cust,长春光学精密机械学院,6000,22,吉林
383,西安培华学院,西安培华,西安培华女子大学,6000,61,陕西
387,长春师范大学,"长师,CCNU,长春师大",长春师范学院,6000,22,吉林
390,吉林师范大学,吉师大,四平师范学院,6000,22,吉林
395,吉林建筑大学,吉建,吉林建筑工程学院,6000,22,吉林
401,中南林业科技大学,中南林科大,中南林学院,6000,43,湖南
404,长春中医药大学,长春中医学院,长春中医学院,6000,22,吉林
405,吉林工程技术师范学院,吉林工师,吉林技工师范学院,6000,22,吉林
407,湖南工商大学,"HNUC,湖南工商学院",湖南商学院,6000,43,湖南
411,吉林外国语大学,吉外,吉林华桥外国语学院,6000,22,吉林
412,吉林财经大学,长春税务学院,长春税务学院,6000,22,吉林
421,黑龙江大学,黑大,中国人民抗日军政大学第三分校俄文队,6000,23,黑龙江
423,中南民族大学,中南民大,中南民族学院,6000,42,湖北
432,武汉纺织大学,wtu,武汉科技学院,6000,42,湖北
433,湖北工业大学,"湖北工大,湖工大",湖北工学院,6000,42,湖北
437,湖北中医药大学,湖北中医学院,湖北中医学院,6000,42,湖北
438,湖北医药学院,郧阳医学院,郧阳医学院,6000,42,湖北
439,湖北师范大学,湖北师大,湖北师范学院,6000,42,湖北
442,牡丹江师范学院,牡师院,"东北农学院嫩江分院,北安师范专科学校,宁安师范专科学校",6000,23,黑龙江
443,湖北工程学院,"孝感学院,湖北工程大学",孝感学院,6000,42,湖北
446,东北石油大学,大庆石油学院,大庆石油学院,6000,23,黑龙江
450,黑龙江科技大学,"黑科大,HLJUST",黑龙江科技学院,6000,23,黑龙江
457,湖北科技学院,湖北科技大学,咸宁学院,6000,42,湖北
458,郑州轻工业大学,"郑州轻大,ZZULI",郑州轻工业学院,6000,41,河南
460,河南科技大学,河科大,洛阳工学院,6000,41,河南
461,湖北文理学院,襄樊学院,襄樊学院,6000,42,湖北
463,河南理工大学,hpu,焦作工学院,6000,41,河南
464,华北水利水电大学,"华水,NCWU",华北水利水电学院,6000,41,河南
474,福建理工大学,"闽工院,FJUT",福建工程学院,6000,35,福建
483,兰州理工大学,兰州理工,甘肃省立工艺学校,6000,62,甘肃
488,兰州交通大学,兰州交大,兰州铁道学院,6000,62,甘肃
490,河南财经政法大学,"河南财大,HUEL,河南财经学院",河南财经学院,6000,41,河南
491,青岛农业大学,"莱阳农学院,qau",莱阳农学院,6000,37,山东
492,甘肃农业大学,甘农大,西北畜牧兽医学院,6000,62,甘肃
494,聊城大学,聊大,"山东师范学院聊城分院,聊城师范学院",6000,37,山东
495,西北师范大学,西北师大,甘肃师范大学,6000,62,甘肃
496,临沂大学,临大,临沂师范学院,6000,37,山东
501,甘肃政法大学,"甘政法,甘肃政法",甘肃政法学院,6000,62,甘肃
507,青岛科技大学,青科大,青岛化工学院,6000,37,山东
508,内蒙古工业大学,内工大,绥远省高级工业学校,6000,15,内蒙古
511,海南师范大学,"海南师大,海南师范",海南师范学院,6000,46,海南
515,贵州医科大学,贵医,贵阳医学院,6000,52,贵州
516,贵州民族大学,贵州民族学院,贵州民族学院,6000,52,贵州
518,遵义医科大学,"遵医,ZMU","大连医学院,遵义医学院",6000,52,贵州
520,贵州财经大学,贵州财经学院,贵州财经学院,6000,52,贵州
521,贵州中医药大学,贵中医,贵阳中医学院,6000,52,贵州
523,遵义师范学院,遵义师院,遵义师范专科学校,6000,52,贵州
525,内蒙古医科大学,内蒙古医学院,内蒙古医学院,6000,15,内蒙古
529,内蒙古财经大学,内蒙古财经学院,内蒙古财经学院,6000,15,内蒙古
530,广西医科大学,"广西医大,GXMU",广西医学院,6000,45,广西
533,桂林理工大学,"桂工,桂林理工",桂林工学院,6000,45,广西
535,山东财经大学,"山财,山东财经学院",山东经济学院,6000,37,山东
536,广西科技大学,"广科大,GXUST,广科,科大",广西工学院,6000,45,广西
538,桂林医学院,桂医,桂林医学专科学校,6000,45,广西
541,南宁师范大学,"南宁师大,NNU",广西师范学院,6000,45,广西
542,山东农业大学,"山东农大,sdau",山东农学院,6000,37,山东
543,广西民族大学,广西民大,"广西省民族学院,广西民族学院",6000,45,广西
546,宁夏医科大学,宁夏医学院,宁夏医学院,6000,64,宁夏
547,齐鲁工业大学,齐鲁工大,山东轻工业学院,6000,37,山东
551,山东第一医科大学,泰医,泰山医学院,6000,37,山东
567,北京服装学院,北服,“北京纺织工学院”，“北京化学纤维工学院”,6000,11,北京
572,北京建筑大学,"北建大,BUCEA",北京建筑工程学院,6000,11,北京
573,北京协和医学院,"清华大学医学部,协和医学院",清华大学医学部,6000,11,北京
579,中国劳动关系学院,"中劳,劳关,劳动关系学院",中华全国总工会干部学校,6000,11,北京
583,首钢工学院,SGIT,北京钢铁学院分院,6000,11,北京
590,北京印刷学院,"北印,BIGC",文化学院印刷系,6000,11,北京
597,华北理工大学,华北理工,"河北理工大学,河北联合大学",6000,13,河北
606,河北地质大学,冀地大,"河北地质学院,石家庄经济学院",6000,13,河北
607,石家庄铁道大学,石家庄铁道学院,石家庄铁道学院,6000,13,河北
612,广东职业技术学院,广职院,广东纺织职业技术学院,6001,44,广东
622,山东师范大学,"山东师大,山师,山东师范",山东师范学院,6000,37,山东
633,广州工商学院,广工商,广州工商职业技术学院,6000,44,广东
643,广东东软学院,"东软学院,广东东软",南海东软信息职业技术学院,6000,44,广东
644,广东南华工商职业学院,南华工商学院,民办南华工商学院,6001,44,广东
646,深圳职业技术大学,"深职院,深职,SZPT",深圳职业技术学院,6000,44,广东
663,上海城建职业学院,上城院,"上海城市管理职业技术学院,上海建峰职业技术学院",6001,31,上海
674,上海济光职业技术学院,"济光学院,济光",民办上海济光职业技术学院,6001,31,上海
680,上海立达学院,立达学院,上海立达职业技术学院,6000,31,上海
684,上海兴伟学院,兴伟,上海兴韦信息技术职业学院,6000,31,上海
685,上海工商职业技术学院,SICP,上海新侨职业技术学院,6001,31,上海
687,北华航天工业学院,华航,华北航天工业学院,6000,13,河北
688,河北水利电力学院,河北水电学院,河北工程技术高等专科学校,6000,13,河北
689,河北石油职业技术大学,承德石油高专,承德石油高等专科学校,6000,13,河北
693,河北化工医药职业技术学院,河北化院,"河北化工学校,河北省工业学校",6001,13,河北
697,河北科技工程职业技术大学,邢职,"邢台职业技术学院,华北电力大学科技学院",6000,13,河北
698,河北工业职业技术大学,河北工院,"河北工业职业技术学院,河北科技大学理工学院",6000,13,河北
706,上海中侨职业技术大学,中侨学院,上海中侨职业技术学院,6000,31,上海
712,哈尔滨铁道职业技术学院,哈铁学院,哈尔滨铁路工程学校,6001,23,黑龙江
715,黑龙江建筑职业技术学院,黑龙江建筑职院,哈尔滨技术专门学校,6001,23,黑龙江
716,黑龙江职业学院,龙职,黑龙江职业学院(黑龙江省经济管理干部学院),6001,23,黑龙江
721,河北工程技术学院,河北工程技术大学,石家庄城市职业学院,6000,13,河北
733,黑龙江能源职业学院,黑能源,黑龙江能源职业技术学院,6001,23,黑龙江
748,河北外国语学院,石家庄外语翻译职业学院,石家庄外语翻译职业学院,6000,13,河北
754,石家庄财经职业学院,"石家庄财经职业学院,石财",石家庄外经贸职业学院,6001,13,河北
763,哈尔滨信息工程学院,"哈信息,哈信工",哈尔滨华夏计算机职业技术学院,6000,23,黑龙江
765,黑龙江工业学院,"黑工业,黑龙江工业大学",鸡西大学,6000,23,黑龙江
773,成都艺术职业大学,成艺职院,"四川师范大学设计艺术学院,成都艺术职业学院",6000,51,四川
782,四川旅游学院,四川旅院,四川烹饪高等专科学校,6000,51,四川
786,辽宁工程技术大学,辽宁工大,阜新矿业学院,6000,21,辽宁
795,四川工程职业技术学院,四川工程职院,西南重型机电学院,6001,51,四川
801,四川工业科技学院,四川工科院,"四川工业管理职业学院,四川警安职业学院",6000,51,四川
806,襄阳职业技术学院,襄樊职业技术学院,襄樊职业技术学院,6001,42,湖北
815,武汉商学院,武商院,武汉商业服务学院,6000,42,湖北
817,汉江师范学院,汉师,郧阳师范高等专科学校,6000,42,湖北
820,北京培黎职业学院,培黎学院,北京培黎职业大学,6001,11,北京
822,吉利学院,"吉利学院,吉利大学","北京吉利大学,北京吉利学院",6000,51,四川
831,华北电力大学,"华北电力,华电,NCEPU",华北电力大学(北京),6000,11,北京
858,天津中德应用技术大学,天津中德,天津中德职业技术学院,6000,12,天津
868,南昌理工学院,南昌理工,江西航天科技职业学院,6000,36,江西
869,江西科技学院,"江西蓝天学院,江西科技大学",江西蓝天学院,6000,36,江西
871,江西卫生职业学院,江西卫院,江西护理职业技术学院,6001,36,江西
872,豫章师范学院,豫章师院,南昌师范高等专科学校,6000,36,江西
873,河南中医药大学,河中医,河南中医学院,6000,41,河南
876,信阳师范大学,信阳师院,信阳师范学院,6000,41,河南
879,北京信息科技大学,北信,北京机械工业学院,6000,11,北京
886,郑州警察学院,铁道警院,"铁道警官高等专科学校,铁道警察学院",6000,41,河南
889,景德镇学院,景院,景德镇高等专科学校,6000,36,江西
890,漯河医学高等专科学校,漯河医专,漯河市卫生学校,6001,41,河南
891,新余学院,新余高等专科学校,新余高等专科学校,6000,36,江西
909,南昌职业大学,江西大宇职业技术学院,"江西大宇学院,南昌职业学院",6000,36,江西
912,北京北大方正软件职业技术学院,北大方正软件技术学院,"北京北大方正软件职业技术学院,北京北大方正软件技术学院",6001,11,北京
936,海军军医大学,第二军医大学,"第二军医大学,中国人民解放军海军军医大学",6000,31,上海
937,中国人民解放军空军军医大学,"第四军医大学,四医大,空军军医大学","解放军第四军医大学,解放军空军军医大学,空军军医大学",6000,61,陕西
952,江西经济管理干部学院,"江西经管院,江西经济管理职业学院,江西经管院",江西经济管理职业学院,6001,36,江西
957,江西工程学院,江工,江西渝州科技职业学院,6000,36,江西
960,南方医科大学,南医大,原解放军第一军医大学,6000,44,广东
964,广东技术师范大学,"GPNU,广技师",广东技术师范学院,6000,44,广东
967,广州航海学院,广航,广州航海高等专科学校,6000,44,广东
997,广东女子职业技术学院,广东女子学院,广东省妇女干部学校,6001,44,广东
1000,广州科技职业技术大学,广科大,广州科技职业技术学院,6000,44,广东
1007,武汉科技大学,"武汉科大,wust",武汉冶金科技大学,6000,42,湖北
1021,福建中医药大学,"福建中医学院,福建中医药",福建中医学院,6000,35,福建
1024,安庆师范大学,安庆师大,安庆师范学院,6000,34,安徽
1026,湖北理工学院,"黄石理工,湖北理工大学",黄石理工学院,6000,42,湖北
1034,广西中医药大学,广西中医学院,广西中医学院,6000,45,广西
1036,伊犁师范大学,伊犁师范,伊犁师范学院,6000,65,新疆
1038,重庆文理学院,重文理,渝西学院,6000,50,重庆
1050,河南职业技术学院,河南职院,河南省技工教育师范学校,6001,41,河南
1051,江苏农牧科技职业学院,"江苏农牧学院,江苏牧院",江苏畜牧兽医职业技术学院,6001,32,江苏
1056,湖北三峡职业技术学院,三峡职院,"湖北三峡职业技术学院,湖北三峡职业技术学院（中职）",6001,42,湖北
1065,南京工业职业技术大学,南工院,南京工业职业技术学院,6000,32,江苏
1068,湖北城市建设职业技术学院,湖北城建学院,"湖北城乡建设职工大学,湖北城市建设学校",6001,42,湖北
1069,江苏工程职业技术学院,江苏工院,南通纺织职业技术学院,6001,32,江苏
1082,绵阳师范学院,绵阳师院,绵阳师范高等专科学校,6000,51,四川
1086,成都体育学院,成都体院,四川省立体育专科学校,6000,51,四川
1092,上海电机学院,"电机学院,SDJU",上海电机制造学校,6000,31,上海
1093,西藏藏医药大学,藏医大,西藏藏医学院,6000,54,西藏
1094,陇东学院,陇院,庆阳师范专科学校,6000,62,甘肃
1095,天水师范学院,天水师院,天水师范高等专科学校,6000,62,甘肃
1096,广州南方学院,"中大南方学院,广州南方,南方学院",中山大学南方学院,6000,44,广东
1097,苏州百年职业学院,苏百年,苏州港大思培科技职业学院,6001,32,江苏
1099,武汉华夏理工学院,华夏理工,武汉理工大学华夏学院,6000,42,湖北
1100,商丘医学高等专科学校,商丘医专,商丘市卫生学校,6001,41,河南
1102,西安航空学院,西安航空技术高等专科学校,西安航空工业专科学校,6000,61,陕西
1104,武昌首义学院,"首义学院,首义",华中科技大学武昌分校,6000,42,湖北
1105,汉口学院,华中师范大学汉口分校,华中师范大学汉口分校,6000,42,湖北
1114,郑州经贸学院,郑州经贸,中原工学院信息商务学院,6000,41,河南
1116,江苏建筑职业技术学院,徐州建筑职业技术学院,徐州建筑职业技术学院 ,6001,32,江苏
1121,常州纺织服装职业技术学院,"常州纺院,常纺",江苏省工业学校,6001,32,江苏
1125,郑州财经学院,"郑州财经,郑州财院",郑州经贸职业学院,6000,41,河南
1127,陕西青年职业学院,陕青院,陕西青年管理干部学院,6001,61,陕西
1133,中南林业科技大学涉外学院,中南林科大涉外学院,中南林学院涉外学院,6000,43,湖南
1139,南京警察学院,"南京森林公安高等专科学校,南森,南京森林警察",林业部南京人民警察学校，南京森林警察学院,6000,32,江苏
1140,南京特殊教育师范学院,南京特师,南京特殊教育职业技术学院,6000,32,江苏
1141,南京铁道职业技术学院,"南京铁路职业技术学院,南铁院",南京铁路运输学校,6001,32,江苏
1144,武汉工程科技学院,中国地质大学江城学院,中国地质大学江城学院,6000,42,湖北
1148,郑州工商学院,"郑商院,郑工商,郑州工商,郑商",河南理工大学万方科技学院,6000,41,河南
1157,武昌理工学院,"武汉科技大学中南分校,武昌理工",武汉科技大学中南分校,6000,42,湖北
1159,武汉东湖学院,武汉大学东湖分校,武汉大学东湖分校,6000,42,湖北
1160,空军预警学院,空军预警学院,"空军预警学院,中国人民解放军空军预警学院",6000,42,湖北
1165,菏泽医学专科学校,菏泽医专,山东省菏泽地区卫生学校,6001,37,山东
1166,辽宁理工学院,辽理工,渤海大学文理学院,6000,21,辽宁
1167,保定理工学院,"地大长城,CUGGW",中国地质大学长城学院,6000,13,河北
1168,青岛酒店管理职业技术学院,青岛酒店管理学院,私立青岛商科职业学校,6001,37,山东
1169,武汉学院,武院,中南财经政法大学武汉学院,6000,42,湖北
1176,武汉城市学院,武汉城院,武汉科技大学城市学院,6000,42,湖北
1178,洛阳理工学院,"洛理,LIT,洛阳工业高等专科学校,洛阳大学","洛阳工业高等专科学校,洛阳大学",6000,41,河南
1181,苏州市职业大学,苏职大,"苏州市职业大学,苏州职业大学",6001,32,江苏
1196,安徽中医药大学,"安中大,安中医,AHUCM",安徽中医学院,6000,34,安徽
1201,山西药科职业学院,山西药院,山西生物应用职业技术学院,6001,14,山西
1203,信阳农林学院,信阳农林,信阳农业高等专科学校,6000,41,河南
1212,辽宁警察学院,"辽警,LNPC,辽宁警院",辽宁警官高等专科学校,6000,21,辽宁
1213,武警工程大学,武警工程大学,武警工程学院，中国人民武装警察部队工程大学,6000,61,陕西
1219,山东大学（威海）,"山威,山大（威海）,山东大学威海,山东大学威海分校,山东大学威海校区,山大威海,山大威海分校,山大威海校区",山东大学威海分校,6000,37,山东
1222,中国人民解放军战略支援部队信息工程大学,解放军工程大学,"中国人民解放军信息工程大学,中国人民解放军战略支援部队信息工程大学",6000,41,河南
1224,中国人民解放军西安通信学院,通校,",解放军西安通信学院",6000,61,陕西
1226,陆军勤务学院,陆军勤务学院,"解放军后勤工程学院,中国人民解放军陆军勤务学院,中国人民解放军陆军勤务学院",6000,50,重庆
1227,中国人民解放军陆军军医大学,"陆军军医大学,第三军医大学","解放军第三军医大学,中国人民解放军陆军军医大学,中国人民解放军陆军军医大学",6000,50,重庆
1230,空军工程大学,"空军工程大学,AFEU","解放军空军工程大学,中国人民解放军空军工程大学,中国人民解放军空军工程大学",6000,61,陕西
1231,火箭军工程大学,火工大,解放军第二炮兵工程大学,6000,61,陕西
1232,重庆人文科技学院,重庆人科,西南大学育才学院,6000,50,重庆
1239,常州工业职业技术学院,常州工业学院,常州轻工职业技术学院,6001,32,江苏
1247,滁州学院,CHZU,滁州师范专科学校,6000,34,安徽
1274,长春科技学院,长科,吉林农业大学发展学院,6000,22,吉林
1275,北京师范大学-香港浸会大学联合国际学院,"UIC,北师港浸大","北京师范大学-香港浸会大学联合国际学院,北京师范大学香港浸会大学联合国际学院",6000,44,广东
1277,昆明医科大学海源学院,海源学院,昆明医学院海源学院,6000,53,云南
1280,昆明城市学院,"云师大商学院,云商院",云南师范大学商学院,6000,53,云南
1285,广州新华学院,"中大新华,广州新华",中山大学新华学院,6000,44,广东
1297,广州应用科技学院,"广大松田,广州应用科技",广州大学松田学院,6000,44,广东
1307,黄河交通学院,黄交院,郑州交通职业学院,6000,41,河南
1308,广州软件学院,"广大华软,广软",广州大学华软软件学院,6000,44,广东
1309,陆军防化学院,陆军防化学院,"解放军防化学院,中国人民解放军陆军防化学院,中国人民解放军陆军防化学院",6000,11,北京
1311,中国人民解放军战略支援部队航天工程大学,航天工程大学,"解放军装备学院,中国人民解放军战略支援部队航天工程大学",6000,11,北京
1312,陆军工程大学,陆军工程大学,"解放军理工大学,中国人民解放军陆军工程大学,解放军陆军工程大学,中国人民解放军陆军工程大学",6000,32,江苏
1314,长春电子科技学院,长春电子科技,长春理工大学光电信息学院,6000,22,吉林
1316,武汉纺织大学外经贸学院,武汉科技学院外经贸学院,武汉科技学院外经贸学院,6000,42,湖北
1323,河南工程学院,河南纺织高等专科学校,"郑州经济管理干部学院,河南纺织高等专科学校",6000,41,河南
1324,河南开封科技传媒学院,"河大民生,开封科技传媒",河南大学民生学院,6000,41,河南
1328,黑龙江外国语学院,"龙外,HIU",哈尔滨师范大学恒星学院,6000,23,黑龙江
1330,江苏食品药品职业技术学院,"苏食院,JSFPC",江苏食品职业技术学院,6001,32,江苏
1336,日照职业技术学院,日职,日照市经济学校,6001,37,山东
1361,无锡工艺职业技术学院,无锡工艺,江苏省宜兴轻工业学校,6001,32,江苏
1364,浙江水利水电学院,"浙江水院,浙水院,ZJWEU",浙江水利水电专科学校,6000,33,浙江
1398,燕京理工学院,燕京理工,北京化工大学北方学院,6000,13,河北
1400,青岛城市学院,"琴岛学院,青岛城院",青岛理工大学琴岛学院,6000,37,山东
1402,河北地质大学华信学院,河地大华信学院,"石家庄经济学院华信学院,河北地质大学华信学院",6000,13,河北
1403,无锡学院,"滨江学院,南信大滨江",南京信息工程大学滨江学院,6000,32,江苏
1405,江苏医药职业学院,苏医院,盐城卫生职业技术学院,6001,32,江苏
1407,马鞍山职业技术学院,马鞍山职院,安徽工业大学职业技术学院,6001,34,安徽
1409,长春建筑学院,长建,吉林建筑工程学院建筑装饰学院,6000,22,吉林
1415,西安财经大学行知学院,西财行知学院,西安财经学院行知学院,6000,61,陕西
1418,江苏航运职业技术学院,江苏航院,南通航运职业技术学院,6001,32,江苏
1432,海南科技职业大学,海科院,海南科技职业学院,6000,46,海南
1433,武昌职业学院,昌职,武汉语言文化职业学院,6001,42,湖北
1435,无锡职业技术学院,无锡职院,无锡农业机械制造学校,6001,32,江苏
1446,烟台理工学院,"烟大文经,烟台理工",烟台大学文经学院,6000,37,山东
1455,珠海科技学院,"吉大珠海学院,珠海科技",吉林大学珠海学院,6000,44,广东
1461,沧州交通学院,海滨学院,北京交通大学海滨学院,6000,13,河北
1469,上海视觉艺术学院,"上海视觉,siva",复旦大学上海视觉艺术学院,6000,31,上海
1472,重庆对外经贸学院,"重师商院,重庆对外经院",重庆师范大学涉外商贸学院,6000,50,重庆
1473,重庆外语外事学院,"川外南译,重庆外语外事","四川外语学院重庆南方翻译学院,四川外国语大学重庆南方翻译学院",6000,50,重庆
1474,重庆城市科技学院,"城科,重大城科,CQUCC,重庆城市科院",重庆大学城市科技学院,6000,50,重庆
1475,重庆财经学院,"融智学院,重庆财院",重庆工商大学融智学院,6000,50,重庆
1476,重庆移通学院,"重邮移通,重庆移通,移通学院",重庆邮电大学移通学院,6000,50,重庆
1480,重庆工贸职业技术学院,重庆工贸职院,涪陵职业技术学院,6001,50,重庆
1483,重庆财经职业学院,重庆财经职院,重庆第二财贸学校,6001,50,重庆
1485,重庆机电职业技术大学,重庆机电学院,重庆机电职业技术学院,6000,50,重庆
1489,重庆第二师范学院,重庆二师,重庆教育学院,6000,50,重庆
1490,重庆建筑工程职业学院,重庆建工职院,重庆市城市建设工程学校,6001,50,重庆
1510,山东轻工职业学院,山轻职业学院,山东丝绸纺织职业学院,6001,37,山东
1512,郑州工业应用技术学院,郑州华信学院,"郑州华信学院,郑州华信专修学院",6000,41,河南
1513,山东职业学院,山职,济南铁道职业技术学院,6001,37,山东
1518,河南城建学院,平顶山工学院,平顶山工学院,6000,41,河南
1519,亳州学院,亳院,亳州师范高等专科学校,6000,34,安徽
1520,开封大学,开大,开封市走读大学,6001,41,河南
1521,琼台师范学院,"琼台师院,QTNU",琼台师范高等专科学校,6000,46,海南
1530,中原科技学院,"河师大新联学院,中原科院",河南师范大学新联学院,6000,41,河南
1532,信阳学院,XYU,信阳师范学院华锐学院,6000,41,河南
1540,山东财经大学东方学院,山财东方学院,山东财政学院东方学院,6000,37,山东
1544,南通理工学院,"通理工,南通理工",紫琅职业技术学院,6000,32,江苏
1549,大连财经学院,"大财,大连财经",东北财经大学津桥商学院,6000,21,辽宁
1553,常州大学怀德学院,怀德学院,江苏工业学院怀德学院,6000,32,江苏
1557,武汉设计工程学院,武设,华中农业大学楚天学院,6000,42,湖北
1559,兰州博文科技学院,"兰交大博文学院,兰州博文科技",兰州交通大学博文学院,6000,62,甘肃
1564,贵州商学院,贵商院,贵州商业高等专科学校,6000,52,贵州
1578,石家庄铁道大学四方学院,"石家庄铁道学院四方学院,铁道大学四方学院",石家庄铁道学院四方学院,6000,13,河北
1589,无锡商业职业技术学院,无锡商学院,江苏省无锡商业学校,6001,32,江苏
1593,重庆电讯职业学院,电讯学院,重庆江津职业学院,6001,50,重庆
1601,天津仁爱学院,"天大仁爱,天津仁爱",天津大学仁爱学院,6000,12,天津
1621,长春人文学院,"东师人文,长春人文",东北师范大学人文学院,6000,22,吉林
1637,内蒙古丰州职业学院,丰州学院,"内蒙古丰州职业学院,内蒙古丰州职业学院(青城学院),内蒙古丰州职业学院（青城学院）",6001,15,内蒙古
1639,山西省财政税务专科学校,山西财专,山西财政税务专科学校,6001,14,山西
1645,山西工程职业学院,山西工职院,山西工程职业技术学院,6001,14,山西
1665,山西工程科技职业大学,"山大商院,山西交通职技,山西建筑职技","山西大学商务学院,山西交通职业技术学院,山西建筑职业技术学院",6000,14,山西
1691,辽宁经济职业技术学院,辽经职院,辽宁经济管理干部学院,6001,21,辽宁
1701,辽宁传媒学院,辽传,辽宁美术职业学院,6000,21,辽宁
1707,兰州工业学院,兰州工业高等专科学校,兰州工业高等专科学校,6000,62,甘肃
1710,兰州石化职业技术大学,兰石化,"西北师范大学知行学院,甘肃能源化工职业学院,兰州石化职业技术学院",6000,62,甘肃
1711,兰州文理学院,兰文理,甘肃联合大学,6000,62,甘肃
1720,兰州资源环境职业技术大学,兰资环,"兰州财经大学长青学院,兰州资源环境职业技术学院",6000,62,甘肃
1729,广西科技师范学院,"广西科师,GXSTNU",柳州师范高等专科学校,6000,45,广西
1731,桂林航天工业学院,桂航,桂林航天工业高等专科学校,6000,45,广西
1732,桂林旅游学院,桂林旅院,桂林旅游高等专科学校,6000,45,广西
1734,广西警察学院,"广西警院,GXPC",广西警官高等专科学校,6000,45,广西
1744,广西农业职业技术大学,广西农职大,"广西大学行健文理学院,广西农业职业技术学院",6000,45,广西
1745,柳州铁道职业技术学院,柳铁职院,柳州运输职业技术学院,6001,45,广西
1756,广西城市职业大学,广西城院,广西城市职业学院,6000,45,广西
1758,北海艺术设计学院,北艺,北海艺术设计职业学院,6000,45,广西
1764,武警海警学院,公安海警高等专科学校,公安海警学院,6000,33,浙江
1765,浙江药科职业大学,浙药,"浙江海洋大学东海科学技术学院,浙江医药高等专科学校",6000,33,浙江
1766,杭州医学院,杭医,浙江医学高等专科学校,6000,33,浙江
1787,宁波卫生职业技术学院,宁卫院,宁波天一职业技术学院,6001,33,浙江
1794,浙江广厦建设职业技术大学,广厦学院,浙江广厦建设职业技术学院,6000,33,浙江
1811,阜阳职业技术学院,阜职,阜阳教育学院,6001,34,安徽
1815,安徽工业经济职业技术学院,"工业经济学院,安工院,AHIEC",安徽省工业经济职工大学,6001,34,安徽
1823,合肥职业技术学院,合肥职院,巢湖职业技术学院,6001,34,安徽
1831,安徽机电职业技术学院,安机电,皖南区芜湖工业学校,6001,34,安徽
1835,安徽国防科技职业学院,安徽国防职院,安徽省国防科技工业学校,6001,34,安徽
1849,民办万博科技职业学院,万博学院,万博科技职业学院,6001,34,安徽
1852,民办合肥经济技术职业学院,合经院,合肥经济技术职业学院,6001,34,安徽
1855,安徽文达信息工程学院,文达学院,安徽文达信息技术职业学院,6000,34,安徽
1861,福建商学院,"FJBU,FJCC",福建商业高等专科学校,6000,35,福建
1862,厦门医学院,厦医,厦门医学高等专科学校,6000,35,福建
1882,泉州工艺美术职业学院,泉州工艺美院,德化陶瓷职业技术学院,6001,35,福建
1883,三明医学科技职业学院,"三明医学院,三明职院",三明职业技术学院,6001,35,福建
1891,福州工商学院,福工商,福建农林大学东方学院,6000,35,福建
1892,闽南科技学院,"闽南科技学院,闽科",福建师范大学闽南科技学院,6000,35,福建
1902,泉州海洋职业学院,泉州海洋学院,泉州泰山航海职业学院,6001,35,福建
1903,泉州职业技术大学,泉州理工,"泉州理工职业学院,泉州理工学院",6000,35,福建
1909,泉州信息工程学院,泉信院,泉州信息职业技术学院,6000,35,福建
1912,泉州华光职业学院,华光学院,泉州华光摄影艺术职业学院,6001,35,福建
1919,新乡学院,平原大学,"新乡师范高等专科学校,平原大学,新乡教育学院",6000,41,河南
1946,湖北工业职业技术学院,湖北工业职院,十堰职业技术学院,6001,42,湖北
1958,湖北黄冈应急管理职业技术学院,鄂职,鄂东职业技术学院,6001,42,湖北
1967,武昌工学院,武昌工学院,武汉工业学院工商学院,6000,42,湖北
1970,湖北师范大学文理学院,湖师大文理,湖北师范学院文理学院,6000,42,湖北
1973,荆州学院,长大工院,长江大学工程技术学院,6000,42,湖北
1990,长沙师范学院,长沙师范,长沙师范学校,6000,43,湖南
2009,湖南邮电职业技术学院,长沙通信职业技术学院,长沙通信职业技术学院,6001,43,湖南
2010,湘潭医卫职业技术学院,湘潭医卫学院,湘潭职业技术学院,6001,43,湖南
2026,湖南财经工业职业技术学院,湖南财工职院,衡阳财经工业职业技术学院,6001,43,湖南
2038,湖南信息学院,湘信院,湖南信息科学职业学院,6000,43,湖南
2039,湖南应用技术学院,湖应,湖南同德职业学院,6000,43,湖南
2042,湖南软件职业技术大学,湖南软件学院,"湖南软件职业学院,湖南软件职业学院（本科）",6000,43,湖南
2049,广东食品药品职业学院,广药职院,广东化工制药职业技术学院,6001,44,广东
2055,广州商学院,广商,华南师范大学增城学院,6000,44,广东
2056,广州华立学院,广工华立,广东工业大学华立学院,6000,44,广东
2058,广州理工学院,广州理工,"广东职业技术师范学院天河学院,广东技术师范学院天河学院,广东技术师范大学天河学院",6000,44,广东
2059,广州城市理工学院,"华南理工大学广州汽车,华南理工大学广州","华南理工大学广州汽车学院,华南理工大学广州学院",6000,44,广东
2060,广州华商学院,"广财华商,广华商,华商学院","广东商学院华商学院,广东财经大学华商学院",6000,44,广东
2064,广东文理职业学院,湛江现代科技职业学院,湛江现代科技职业学院,6001,44,广东
2068,新疆警察学院,新警院,新疆警官高等专科学校,6000,65,新疆
2079,新疆天山职业技术大学,天山学院,新疆天山职业技术学院,6000,65,新疆
2086,四川铁道职业学院,四川管理职院,四川管理职业学院,6001,51,四川
2098,青岛职业技术学院,青职,青岛市职工大学,6001,37,山东
2100,山东劳动职业技术学院,劳职院,山东劳动技师学院,6001,37,山东
2110,山东畜牧兽医职业学院,山东牧院,山东省泰安畜牧兽医学校,6001,37,山东
2115,青岛港湾职业技术学院,"青岛港湾职院,QHVTC",青岛水运技工学校,6001,37,山东
2122,山东电子职业技术学院,山东电子学院,山东省电子工业学校,6001,37,山东
2128,山东城市建设职业学院,山城建,山东省城市建设学校,6001,37,山东
2132,山东石油化工学院,胜利学院,中国石油大学胜利学院,6000,37,山东
2135,齐鲁医药学院,"鲁医,QLMU",山东万杰医学院,6000,37,山东
2141,青岛恒星科技学院,恒星学院,青岛恒星职业技术学院,6000,37,山东
2144,山东外国语职业技术大学,山外,山东外国语职业学院,6000,37,山东
2146,山东工程职业技术大学,凯文职业学院,"山东凯文科技职业学院,山东凯文科技职业学院（本科）",6000,37,山东
2148,山东外事职业大学,"山东外事 (SVUFA),山东外事",山东外事翻译职业学院,6000,37,山东
2154,山东华宇工学院,华宇学院,山东华宇职业技术学院,6000,37,山东
2165,滇西科技师范学院,滇西学院,临沧师范高等专科学校,6000,53,云南
2181,昆明文理学院,"云师大文理学院,昆明文理",云南师范大学文理学院,6000,53,云南
2184,云南经济管理学院,云南经管院,云南经济管理职业学院,6000,53,云南
2195,黑龙江交通职业技术学院,黑交院,黑龙江粮食职业学院,6001,23,黑龙江
2200,哈尔滨城市职业学院,哈尔滨城市学院,黑龙江北开职业技术学院，哈尔滨江南职业技术学院,6001,23,黑龙江
2209,南通科技职业学院,南通科院,南通农业职业技术学院,6001,32,江苏
2210,江苏电子信息职业学院,淮信院,淮安信息职业技术学院,6001,32,江苏
2212,南京科技职业学院,南京科院,南京化工职业技术学院,6001,32,江苏
2218,盐城工业职业技术学院,盐工院,盐城纺织职业技术学院,6001,32,江苏
2222,无锡太湖学院,"江南大学太湖学院,太湖学院",江南大学太湖学院,6000,32,江苏
2236,西安航空职业技术学院,西航职院,空军西安航空工程学校,6001,61,陕西
2266,贵州警察学院,贵州警院,贵州警官职业学院,6000,52,贵州
2275,贵州黔南科技学院,贵大科院,贵州大学科技学院,6000,52,贵州
2276,贵阳信息科技学院,贵大明德学院,贵州大学明德学院,6000,52,贵州
2280,青海农牧科技职业学院,青牧职院,青海畜牧兽医职业技术学院,6001,63,青海
2286,宁夏警官职业学院,宁夏警院,"宁夏司法警官职业学院,宁夏警官职业学院",6001,64,宁夏
2290,海南政法职业学院,"海政 (HVCPL),海政",海南政法干部学校,6001,46,海南
2297,天津传媒学院,天津传媒,天津体育学院运动与文化艺术学院,6000,12,天津
2306,河北正定师范高等专科学校,"石家庄科工院,SJZKG",石家庄科技工程职业学院,6001,13,河北
2307,沧州幼儿师范高等专科学校,泊头职院,泊头职业学院,6001,13,河北
2325,山西工学院,太原理工现代科技,太原理工大学现代科技学院,6000,14,山西
2326,晋中信息学院,"山农信院,晋中信息",山西农业大学信息学院,6000,14,山西
2328,山西晋中理工学院,"中北信商,晋中理工",中北大学信息商务学院,6000,14,山西
2332,运城职业技术大学,运职院,"运城职业技术学院,运城职业技术大学",6000,14,山西
2334,辽宁建筑职业学院,辽建院,辽宁建筑职业技术学院,6001,21,辽宁
2338,大连科技学院,大连交通大学信息工程学院,大连交通大学信息工程学院,6000,21,辽宁
2343,沈阳城市建设学院,沈阳城建学院,沈阳建筑大学城市建设学院,6000,21,辽宁
2346,辽宁何氏医学院,沈阳医学院何氏视觉科学学院,沈阳医学院何氏视觉科学学院,6000,21,辽宁
2347,锦州医科大学医疗学院,锦医大医疗学院,辽宁医学院医疗学院,6000,21,辽宁
2351,大连东软信息学院,大连东软学院,东北大学东软信息学院,6000,21,辽宁
2353,大连艺术学院,大艺,东北大学大连艺术学院,6000,21,辽宁
2360,兰州工商学院,"陇桥学院,兰财陇桥,兰州工商",兰州财经大学陇桥学院,6000,62,甘肃
2361,兰州信息科技学院,"兰理工技术工程学院,兰州信息科技,兰理技术工程",兰州理工大学技术工程学院,6000,62,甘肃
2367,桂林信息科技学院,信息科技学院,桂林电子科技大学信息科技学院,6000,45,广西
2368,柳州工学院,"广科大鹿山,科大鹿山","广西工学院鹿山学院,广西科技大学鹿山学院",6000,45,广西
2372,广西中医药大学赛恩斯新医药学院,赛恩斯新医药学院,广西中医学院赛恩斯新医药学院,6000,45,广西
2379,浙大城市学院,浙大城市学院,浙江大学城市学院,6000,33,浙江
2380,浙大宁波理工学院,浙大宁理,浙江大学宁波理工学院,6000,33,浙江
2387,浙江农林大学暨阳学院,浙江农林大学天目学院,"浙江农林大学天目学院,浙江林学院天目学院",6000,33,浙江
2391,湖州学院,湖州师院求真,湖州师范学院求真学院,6000,33,浙江
2393,温州理工学院,"瓯江学院,温州理工",温州大学瓯江学院,6000,33,浙江
2397,嘉兴南湖学院,嘉兴学院南湖,嘉兴学院南湖学院,6000,33,浙江
2398,温州商学院,温商院,温州大学城市学院,6000,33,浙江
2401,宁波财经学院,宁财院,宁波大红鹰学院,6000,33,浙江
2407,合肥经济学院,"安徽农业大学经济技术学院,合肥经济",安徽农业大学经济技术学院,6000,34,安徽
2409,马鞍山学院,安工大工商,安徽工业大学工商学院,6000,34,安徽
2411,淮北理工学院,淮师大信院,"淮北煤炭师范学院信息学院,淮北师范大学信息学院",6000,34,安徽
2412,合肥城市学院,"安徽建筑大学城市建设学院,合肥城院,合肥城市","安徽建筑工业学院城市建设学院,安徽建筑大学城市建设学院",6000,34,安徽
2419,民办合肥滨湖职业技术学院,"合肥滨湖学院,滨湖学院",合肥滨湖职业技术学院,6001,34,安徽
2426,江西传媒职业学院,江传,"江西新闻出版职业技术学院,江西传媒职业学院",6001,36,江西
2430,南昌交通学院,"ECJTUIT,交大理工,南昌交通",华东交通大学理工学院,6000,36,江西
2432,赣东学院,东华理工大学长江,东华理工大学长江学院,6000,36,江西
2434,南昌医学院,"江中科院,江西中医科院","江西中医学院科技学院,江西中医药大学科技学院",6000,36,江西
2436,赣南师范大学科技学院,赣师大科院,赣南师范学院科技学院,6000,36,江西
2437,景德镇艺术职业大学,陶大科院,"景德镇陶瓷学院科技艺术学院,景德镇陶瓷大学科技艺术学院",6000,36,江西
2438,南昌应用技术师范学院,"科师理工,南昌应用技术师范","江西科技师范学院理工学院,江西科技师范大学理工学院",6000,36,江西
2449,新乡工程学院,新科学院,河南科技学院新科学院,6000,41,河南
2455,河南科技职业大学,河科职大,周口科技职业学院,6000,41,河南
2459,武汉文理学院,武文理,江汉大学文理学院,6000,42,湖北
2460,湖北工程学院新技术学院,湖工新院,孝感学院新技术学院,6000,42,湖北
2461,湖北恩施学院,湖北民族科技,"湖北民族学院科技学院,湖北民族大学科技学院",6000,42,湖北
2462,武汉传媒学院,武传,华中师范大学武汉传媒学院,6000,42,湖北
2481,广州番禺职业技术学院,番职院,"番禺理工学院,番禺职业技术学院",6001,44,广东
2484,湛江科技学院,"海大寸金,广海寸金,湛江科院",广东海洋大学寸金学院,6000,44,广东
2487,新疆理工学院,新大科院,新疆大学科学技术学院,6000,65,新疆
2491,成都大学,CDU,成都学院,6000,51,四川
2494,四川传媒学院,"川传,四川传媒大学",成都理工大学广播影视学院,6000,51,四川
2495,成都银杏酒店管理学院,银杏学院,"成都信息工程学院银杏酒店管理学院,成都信息工程大学银杏酒店管理学院",6000,51,四川
2496,成都文理学院,四川师范大学文理学院,四川师范大学文理学院,6000,51,四川
2497,四川外国语大学成都学院,川外成都学院,四川外语大学成都学院,6000,51,四川
2498,成都锦城学院,"川大锦城,锦城学院",四川大学锦城学院,6000,51,四川
2513,泰山科技学院,泰山科技,山东科技大学泰山科技学院,6000,37,山东
2514,青岛工学院,青工院,中国海洋大学青岛学院,6000,37,山东
2517,齐鲁理工学院,齐鲁理工,曲阜师范大学杏坛学院,6000,37,山东
2518,潍坊理工学院,历山学院,山东师范大学历山学院,6000,37,山东
2524,丽江文化旅游学院,"云大旅院,丽江文旅学院",云南大学旅游文化学院,6000,53,云南
2530,哈尔滨远东理工学院,哈尔滨理工大学远东学院,哈尔滨理工大学远东学院,6000,23,黑龙江
2531,哈尔滨华德学院,"哈尔滨工业大学华德应用技术学院,华德学院",哈尔滨工业大学华德应用技术学院,6000,23,黑龙江
2532,黑龙江工商学院,黑工商,东北农业大学成栋学院,6000,23,黑龙江
2533,哈尔滨剑桥学院,黑龙江大学剑桥学院,黑龙江大学剑桥学院,6000,23,黑龙江
2534,哈尔滨广厦学院,哈尔滨商业大学广厦学院,哈尔滨商业大学广厦学院,6000,23,黑龙江
2535,哈尔滨石油学院,哈石油,大庆石油学院华瑞学院,6000,23,黑龙江
2537,黑龙江财经学院,黑财经,哈尔滨德强商务学院,6000,23,黑龙江
2538,扬州市职业大学,"扬州职大,扬州职业大学","扬州市广播电视大学,扬州市职业大学（扬州市广播电视大学）",6001,32,江苏
2543,南京传媒学院,传媒大学南广学院,中国传媒大学南广学院,6000,32,江苏
2548,苏州城市学院,"苏大文正学院,苏州城市",苏州大学文正学院,6000,32,江苏
2550,苏州科技大学天平学院,苏州科大天平学院,苏州科技学院天平学院,6000,32,江苏
2552,江苏师范大学科文学院,徐州师范大学科文学院,徐州师范大学科文学院,6000,32,江苏
2554,江苏科技大学苏州理工学院,苏理工,江苏科技大学南徐学院,6000,32,江苏
2561,西安工商学院,北信,西安工业大学北方信息工程学院,6000,61,陕西
2562,西安明德理工学院,西工大明德学院,西北工业大学明德学院,6000,61,陕西
2569,贵州职业技术学院,贵州职院,贵州广播电视大学（贵州职业技术学院）,6001,52,贵州
2571,遵义医科大学医学与科技学院,遵医科院,"遵义医学院科技学院,遵义医学院医学与科技学院",6000,52,贵州
2572,贵州中医药大学时珍学院,时珍学院,贵阳中医学院时珍学院,6000,52,贵州
2573,贵州黔南经济学院,贵财大商务学院,"贵州财经学院商务学院,贵州财经大学商务学院",6000,52,贵州
2574,贵阳人文科技学院,贵州民大人文科技学院,"贵州民族学院人文科技学院,贵州民族大学人文科技学院",6000,52,贵州
2575,贵州医科大学神奇民族医药学院,贵州医大神奇民族医学院,贵阳医学院神奇民族医药学院,6000,52,贵州
2609,山东女子学院,中华女子学院山东分院,中华女子学院山东分院,6000,37,山东
2615,银川科技学院,中矿大银川学院,中国矿业大学银川学院,6000,64,宁夏
2620,空军勤务学院,空军后勤学院,"解放军空军勤务学院,中国人民解放军空军勤务学院",6000,32,江苏
2621,中国人民解放军海军大连舰艇学院,解放军海军大连舰艇学院,"解放军海军大连舰艇学院,中国人民解放军海军大连舰艇学院",6000,21,辽宁
2622,海军工程大学,海工大,"解放军海军工程大学,中国人民解放军海军工程大学,中国人民解放军海军工程大学",6000,42,湖北
2623,空军航空大学,空军航空大学,"解放军空军航空大学,中国人民解放军空军航空大学,中国人民解放军空军航空大学",6000,22,吉林
2631,新疆政法学院,新疆政法.兵团警官，新疆政法大学,"石河子大学科技学院,新疆兵团警官高等专科学校",6000,65,新疆
2638,河南医学高等专科学校,河南医专,河南职工医学院,6001,41,河南
2641,北京艺术传媒职业学院,北艺传媒,北京新圆明职业学院,6001,11,北京
2668,安徽汽车职业技术学院,安汽职院,合肥工业大学高等职业技术学院JAC校区,6001,34,安徽
2669,青岛远洋船员职业学院,青岛远洋船员学院,青岛海运学校,6001,37,山东
2671,河南应用技术职业学院,河应院,"河南化工职业学院,河南应用技术职业学院",6001,41,河南
2815,陕西学前师范学院,陕西教育学院,陕西教育学院,6000,61,陕西
2817,济南护理职业学院,济南卫校,山东省济南卫生学校,6001,37,山东
2835,广东科技学院,广东科技大学,东莞南博职业技术学院,6000,44,广东
2836,郑州升达经贸管理学院,升达大学,郑州大学升达经贸管理学院,6000,41,河南
2838,福州外语外贸学院,福州外语外贸职业技术学院,福州外语外贸职业技术学院,6000,35,福建
2842,商丘学院,河南农业大学华豫学院,河南农业大学华豫学院,6000,41,河南
2844,青岛电影学院,北创学院,北京电影学院现代创意媒体学院,6000,37,山东
2847,华北理工大学冀唐学院,冀唐学院,河北联合大学冀唐学院,6000,13,河北
2862,山西传媒学院,山传,广播电影电视管理干部学院,6000,14,山西
2885,赣州师范高等专科学校,"赣师专,赣州师专",赣南教育学院,6001,36,江西
2889,南昌师范学院,南昌师院,南昌师范专科学校,6000,36,江西
2891,江西医学高等专科学校,JXMC,江西医学院上饶分院,6001,36,江西
2905,宁波幼儿师范高等专科学校,宁波幼师高专,宁波教育学院,6001,33,浙江
2917,四川电影电视学院,川影,"四川电影电视职业学院,四川电影电视学院",6000,51,四川
2921,安徽卫生健康职业学院,安徽卫职院,"安徽人口职业学院,安徽卫生健康职业学院",6001,34,安徽
2966,山东财经大学燕山学院,山东财大燕山学院,山东经济学院燕山学院,6000,37,山东
2971,陆军炮兵防空兵学院,陆军炮兵防空兵学院,",解放军南京炮兵学院",6000,34,安徽
2973,中国人民解放军陆军步兵学院,陆军步兵学院,解放军南昌陆军学院,6000,36,江西
2978,海军潜艇学院,海军潜艇学院,"解放军海军潜艇学院,中国人民解放军海军潜艇学院,中国人民解放军海军潜艇学院",6000,37,山东
2983,空军指挥学院,空军指挥学院,解放军空军指挥学院,6000,11,北京
2992,中国人民解放军陆军边海防学院,陆军边海防学院,"解放军边防学院,中国人民解放军陆军边海防学院",6000,61,陕西
3004,山东管理学院,山东管院,山东省工会管理干部学院,6000,37,山东
3048,崇左幼儿师范高等专科学校,南宁教育学院,南宁地区教育学院,6001,45,广西
3055,河北中医药大学,河北中医,河北中医学院,6000,13,河北
3062,重庆幼儿师范高等专科学校,重庆幼专,重庆市三峡师范学校,6001,50,重庆
3073,河南牧业经济学院,河南牧院,"郑州牧业工程高等专科学校,河南商业高等专科学校",6000,41,河南
3075,重庆科技职业学院,重庆科职,重庆服装工程职业学院,6001,50,重庆
3083,哈尔滨传媒职业学院,哈传媒,哈尔滨现代公共关系职业学院,6001,23,黑龙江
3088,云南旅游职业学院,云南旅院,云南省教育厅,6001,53,云南
3105,辽宁轻工职业学院,辽宁轻工,大连工业大学职业技术学院,6001,21,辽宁
3118,广西职业师范学院,广西经干院,广西经济管理干部学院,6000,45,广西
3143,南京城市职业学院,南京城市职院,"南京广播电视大学,南京城市职业学院（南京开放大学）",6001,32,江苏
3145,中国科学院大学,"国科大,UCAS",中国科学院研究生院,6000,11,北京
3213,广州卫生职业技术学院,广州卫职院,广州医科大学卫生职业技术学院,6001,44,广东
3239,广东茂名幼儿师范专科学校,"茂名幼专,茂名幼高专,茂名幼师,茂名幼师专科",广东石油化工学院高州师范学院,6001,44,广东
3255,哈尔滨工业大学（深圳）,"哈工大（深圳）,哈工大深圳校区,哈工大深圳,哈工深,哈尔滨工业大学深圳,深圳哈尔滨工业大学",哈尔滨工业大学深圳研究生院,6000,44,广东
3266,浙江音乐学院,浙音,杭州师范大学音乐学院,6000,33,浙江
3270,哈尔滨音乐学院,哈音,哈尔滨师范大学音乐学院,6000,23,黑龙江
3271,鄂尔多斯应用技术学院,鄂应院,内蒙古医科大学鄂尔多斯学院,6000,15,内蒙古
3276,运城师范高等专科学校,sxycsf,运城学院师范分院,6001,14,山西
3281,深圳技术大学,SZTU,深圳技术大学（筹）,6000,44,广东
3374,湖北幼儿师范高等专科学校,湖北幼专,湖北幼儿师范高等专科学校（湖北省幼儿教师培训中心）,6001,42,湖北
3602,烟台科技学院,济大泉院,济南大学泉城学院,6000,37,山东
